;Id;Id;Id;Id;Id;Id;Id;Id;Comprimento_Sepala;Comprimento_Sepala;Comprimento_Sepala;Comprimento_Sepala;Comprimento_Sepala;Comprimento_Sepala;Comprimento_Sepala;Comprimento_Sepala;Largura_Sepala;Largura_Sepala;Largura_Sepala;Largura_Sepala;Largura_Sepala;Largura_Sepala;Largura_Sepala;Largura_Sepala;Comprimento_Petala;Comprimento_Petala;Comprimento_Petala;Comprimento_Petala;Comprimento_Petala;Comprimento_Petala;Comprimento_Petala;Comprimento_Petala;Largura_Petala;Largura_Petala;Largura_Petala;Largura_Petala;Largura_Petala;Largura_Petala;Largura_Petala;Largura_Petala
;count;mean;std;min;25%;50%;75%;max;count;mean;std;min;25%;50%;75%;max;count;mean;std;min;25%;50%;75%;max;count;mean;std;min;25%;50%;75%;max;count;mean;std;min;25%;50%;75%;max
Especie;;;;;;;;;;;;;;;;;;;;;;;;;;;;;;;;;;;;;;;;
setosa;50.0;25.5;14.577379737113251;1.0;13.25;25.5;37.75;50.0;50.0;5.006;0.35248968721345136;4.3;4.8;5.0;5.2;5.8;50.0;3.418;0.38102439795469095;2.3;3.125;3.4;3.6750000000000003;4.4;50.0;1.464;0.17351115943644546;1.0;1.4;1.5;1.5750000000000002;1.9;50.0;0.244;0.1072095030816784;0.1;0.2;0.2;0.3;0.6
versicolor;50.0;75.5;14.577379737113251;51.0;63.25;75.5;87.75;100.0;50.0;5.936;0.5161711470638634;4.9;5.6;5.9;6.3;7.0;50.0;2.7700000000000005;0.3137983233784114;2.0;2.525;2.8;3.0;3.4;50.0;4.26;0.46991097723995795;3.0;4.0;4.35;4.6;5.1;50.0;1.3259999999999998;0.19775268000454405;1.0;1.2;1.3;1.5;1.8
virginica;50.0;125.5;14.577379737113251;101.0;113.25;125.5;137.75;150.0;50.0;6.587999999999998;0.6358795932744322;4.9;6.2250000000000005;6.5;6.9;7.9;50.0;2.974;0.32249663817263746;2.2;2.8;3.0;3.1750000000000003;3.8;50.0;5.5520000000000005;0.5518946956639834;4.5;5.1;5.55;5.875000000000001;6.9;50.0;2.0260000000000002;0.2746500556366674;1.4;1.8;2.0;2.3;2.5
